사서ID,사서 비밀번호,이름,생년월일,우편번호,기본주소,상세주소,전화번호,사서이미지,직책,입사일,근무여부
dong@naver.com,dong,동탁,1988.09.08,42416,대구광역시 남구 명덕로 40길 119,,010-4432-4322,,0,2017.04.22,1
ja@naver.com,ja123,장패,1999.10.10,42409,대구광역시 남구 중앙대로49길 80,,010-4432-4323,,1,2020.01.05,1
fjskdrer@book.ff.kr,fsjdklsdjlsk,여포,1992.10.28,42476,대구광역시 남구 대명복개로 138-6,,010-4432-4324,,1,2020.01.06,1
fkajfdl@book.ff.kr,42323hhwrj,마등,1974.01.11,42474,대구광역시 남구 두류공원로 5길 6-17,,010-4432-4325,,0,2018.03.04,1
eiwreioj@book.ff.kr,hgfjk4323,서영,2000.11.11,42453,대구광역시 남구 현충로6길 17-12,,010-4432-4326,,0,2020.01.08,1
jtiei342@book.ff.kr,gsdklj5,하진,1930.11.22,42479,대구광역시 남구 대명복개로 30,,010-4432-4327,,1,2020.01.09,1
jgfkljfdg5244@book.ff.kr,sdjglaj5,도겸,1922.10.23,42407,대구광역시 남구 계명7길 8,,010-4432-4328,,1,2020.01.10,1
iiopio5@book.ff.kr,gklsjdlk5j7,원술,1940.12.12,42496,대구광역시 남구 대명로14길 134,,010-4432-4329,,1,2020.01.11,1
43ojlkjl@book.ff.kr,fjgfkdlj6,원소,1961.12.31,42499,대구광역시 남구 매자안길 55,,010-4432-4330,,1,2020.01.12,1
gjflfdjlgd5@book.ff.kr,gjklfjlk774,공손찬,1961.03.05,42450,대구광역시 남구 자유3길 76,,010-4432-4331,,1,2020.01.13,1
